English,0.0
French,0.24407401720623234
German,0.3377717095745991
Mystery,0.2503219059619566
Swahili,0.6400522755705271

